prj,total_pwr(uW),static_pwr(uW),dynamic_pwr(mW)
io1_l1n1n1_l3n1n1_l5n1,349551.5,341973.6,7.577900000000024
io1_l1n1n1_l3n1p1_l5n1,353510.925,340732.55,12.778375
io1_l1n1n1_l3p1n1_l5n1,379219.3875,359851.0,19.36838750000001
io1_l1n1p1_l3n1n1_l5n1,354318.6,342912.15,11.406449999999953
io1_l1n1p1_l3n1p1_l5n1,359363.4625,343618.25,15.745212500000024
io1_l1n1p1_l3p1n1_l5n1,392360.95,362886.35,29.474600000000034
io1_l1p1n1_l3n1n1_l5p1,382759.2405063291,361185.975,21.573265506329133
io1_l1p1n1_l3n1p1_l5p1,401649.275,360238.1,41.41117500000005
io1_l1p1n1_l3p1n1_l5p1,448073.0,369998.8,78.0742
io2_l1n1n1_l3n1n1_l5n1,344002.3125,334267.2,9.735112499999989
io2_l1n1n1_l3n1n1_l5n1_d1d2,342058.7625,333939.8,8.118962500000023
io2_l1n1n1_l3n1n2_l5n1,342675.8461538461,335072.3243243243,7.603521829521807
io2_l1n1n1_l3n1n2_l5n1_d1d2,341982.24,334641.6923076923,7.340547692307679
io2_l1n1n1_l3n1p1_l5n1,344880.6842105263,334108.35,10.772334210526315
io2_l1n1n1_l3n1p1_l5n1_d1d2,346535.2207792208,334315.5135135135,12.219707265707315
io2_l1n1n1_l3n1p2_l5n1,355845.74025974027,347235.63157894736,8.61010868079291
io2_l1n1n1_l3n1p2_l5n1_d1d2,357499.11842105264,347155.0,10.344118421052642
io2_l1n1n1_l3p1n1_l5n1,373428.24,359460.375,13.96786499999999
io2_l1n1n1_l3p1n1_l5n1_d1d2,370624.02597402595,356821.8108108108,13.802215163215122
io2_l1n1n1_l3p2n1_l5n1,390947.1558441558,375450.92307692306,15.496232767232751
io2_l1n1n1_l3p2n1_l5n1_d1d2,399510.4459459459,383405.4210526316,16.105024893314344
io2_l1n1n2_l3n1n1_l5n1,340237.9324324324,333581.5,6.656432432432426
io2_l1n1n2_l3n1n1_l5n1_d1d2,340867.0133333333,333343.5135135135,7.523499819819816
io2_l1n1n2_l3n1n2_l5n1,341811.97297297296,333533.6060606061,8.27836691236688
io2_l1n1n2_l3n1n2_l5n1_d1d2,340397.9459459459,331101.7837837838,9.296162162162132
io2_l1n1n2_l3n1p1_l5n1,343679.6533333333,332460.25641025644,11.219396923076886
io2_l1n1n2_l3n1p1_l5n1_d1d2,343478.7848101266,333670.6153846154,9.808169425511208
io2_l1n1n2_l3n1p2_l5n1,342966.2631578947,330986.6216216216,11.979641536273121
io2_l1n1n2_l3n1p2_l5n1_d1d2,356771.5733333333,346583.9487179487,10.187624615384616
io2_l1n1n2_l3p1n1_l5n1,370058.2105263158,355774.5263157895,14.28368421052629
io2_l1n1n2_l3p1n1_l5n1_d1d2,372683.2972972973,356557.9459459459,16.125351351351362
io2_l1n1n2_l3p2n1_l5n1,395907.11842105264,376635.425,19.271693421052653
io2_l1n1n2_l3p2n1_l5n1_d1d2,401706.4358974359,383088.4864864865,18.617949410949368
io2_l1n1p1_l3n1n1_l5n1,342394.4266666667,331091.5641025641,11.302862564102572
io2_l1n1p1_l3n1n1_l5n1_d1d2,342881.75324675324,333506.92307692306,9.37483016983018
io2_l1n1p1_l3n1n2_l5n1,340114.8831168831,330377.5128205128,9.737370296370296
io2_l1n1p1_l3n1n2_l5n1_d1d2,341547.89743589744,330644.4324324324,10.903465003465012
io2_l1n1p1_l3n1p1_l5n1,344751.4868421053,330641.35,14.110136842105305
io2_l1n1p1_l3n1p1_l5n1_d1d2,346912.30263157893,330664.6153846154,16.247687246963558
io2_l1n1p1_l3n1p2_l5n1,358365.1780821918,345809.28205128206,12.55589603090973
io2_l1n1p1_l3n1p2_l5n1_d1d2,362154.1066666667,344836.27777777775,17.317828888888936
io2_l1n1p1_l3p1n1_l5n1,377201.5064935065,357091.9166666667,20.1095898268398
io2_l1n1p1_l3p1n1_l5n1_d1d2,379002.9066666667,356580.28205128206,22.422624615384613
io2_l1n1p1_l3p2n1_l5n1,405508.91780821915,377351.8918918919,28.157025916327257
io2_l1n1p1_l3p2n1_l5n1_d1d2,412741.82278481015,386842.8857142857,25.898937070524436
io2_l1n1p2_l3n1n1_l5n1,355632.7105263158,344299.2105263158,11.3335
io2_l1n1p2_l3n1n1_l5n1_d1d2,356335.8961038961,344907.4857142857,11.428410389610391
io2_l1n1p2_l3n1n2_l5n1,343322.2191780822,329065.5142857143,14.256704892367882
io2_l1n1p2_l3n1n2_l5n1_d1d2,357982.28205128206,347317.1891891892,10.665092862092889
io2_l1n1p2_l3n1p1_l5n1,362324.6712328767,344099.45,18.225221232876706
io2_l1n1p2_l3n1p1_l5n1_d1d2,364084.52702702704,345804.13513513515,18.28039189189189
io2_l1n1p2_l3n1p2_l5n1,359966.9736842105,345105.23076923075,14.861742914979754
io2_l1n1p2_l3n1p2_l5n1_d1d2,359410.51948051946,342431.07692307694,16.979442557442525
io2_l1n1p2_l3p1n1_l5n1,378441.1842105263,352803.5135135135,25.6376706970128
io2_l1n1p2_l3p1n1_l5n1_d1d2,379772.56962025317,353468.6857142857,26.303883905967464
io2_l1n1p2_l3p2n1_l5n1,416330.2602739726,375496.3783783784,40.83388189559418
io2_l1n1p2_l3p2n1_l5n1_d1d2,422286.75675675675,388248.8181818182,34.03793857493857
io2_l1p1n1_l3n1n1_l5p1,372097.86486486485,355027.28205128206,17.070582813582792
io2_l1p1n1_l3n1n1_l5p1_d1d2,372056.26666666666,354277.2894736842,17.77897719298245
io2_l1p1n1_l3n1n2_l5p1,371826.5135135135,353854.86486486485,17.97164864864864
io2_l1p1n1_l3n1n2_l5p1_d1d2,373630.8181818182,355119.625,18.511193181818175
io2_l1p1n1_l3n1p1_l5p1,382946.1794871795,357152.9459459459,25.793233541233583
io2_l1p1n1_l3n1p1_l5p1_d1d2,387665.5324675325,358065.85,29.599682467532517
io2_l1p1n1_l3n1p2_l5p1,382157.3243243243,356938.1142857143,25.219210038610036
io2_l1p1n1_l3n1p2_l5p1_d1d2,383384.8717948718,355456.65,27.92822179487179
io2_l1p1n1_l3p1n1_l5p1,389285.9871794872,360934.1621621622,28.351825017324998
io2_l1p1n1_l3p1n1_l5p1_d1d2,387096.3333333333,359898.1,27.198233333333338
io2_l1p1n1_l3p2n1_l5p1,429319.96153846156,380994.3888888889,48.325572649572685
io2_l1p1n1_l3p2n1_l5p1_d1d2,439656.48051948054,390909.0,48.74748051948054
io2_l1p2n1_l3n1n1_l5p2,395252.6883116883,372064.23076923075,23.18845754245756
io2_l1p2n1_l3n1n1_l5p2_d1d2,405139.1388888889,385767.63157894736,19.371507309941517
io2_l1p2n1_l3n1n2_l5p2,399639.7341772152,373912.4210526316,25.727313124583628
io2_l1p2n1_l3n1n2_l5p2_d1d2,407306.94736842107,385938.0,21.36894736842107
io2_l1p2n1_l3n1p1_l5p2,413304.16883116885,374798.4,38.50576883116882
io2_l1p2n1_l3n1p1_l5p2_d1d2,421502.4487179487,383787.6,37.71484871794871
io2_l1p2n1_l3n1p2_l5p2,415108.4675324675,374871.45,40.23701753246749
io2_l1p2n1_l3n1p2_l5p2_d1d2,426138.1818181818,384074.86486486485,42.06331695331697
io2_l1p2n1_l3p1n1_l5p2,429899.13333333336,380998.6153846154,48.90051794871798
io2_l1p2n1_l3p1n1_l5p2_d1d2,439414.94805194804,393719.6842105263,45.69526384142175
io2_l1p2n1_l3p2n1_l5p2,510710.08,390429.6756756757,120.28040432432434
io2_l1p2n1_l3p2n1_l5p2_d1d2,537065.2133333334,402600.65,134.46456333333336
io4_l1n1n1_l3n1n1_l5n1,356737.4533333333,349243.89743589744,7.493555897435872
io4_l1n1n1_l3n1n1_l5n1_d1d2,361919.05479452055,350319.91891891893,11.599135875601613
io4_l1n1n1_l3n1n2_l5n1,358707.34210526315,348242.4054054054,10.46493669985776
io4_l1n1n1_l3n1n2_l5n1_d1d2,363243.3783783784,352173.94736842107,11.069431009957334
io4_l1n1n1_l3n1n4_l5n1,359257.3378378378,350588.9743589744,8.668363478863437
io4_l1n1n1_l3n1n4_l5n1_d1d2,364253.1842105263,354053.2894736842,10.199894736842078
io4_l1n1n1_l3n1p1_l5n1,358689.602739726,346336.325,12.353277739726007
io4_l1n1n1_l3n1p1_l5n1_d1d2,364621.19178082194,349487.6216216216,15.133570159200346
io4_l1n1n1_l3n1p2_l5n1,358871.24675324676,347876.3243243243,10.994922428922436
io4_l1n1n1_l3n1p2_l5n1_d1d2,364648.1558441558,351379.02702702704,13.269128817128774
io4_l1n1n1_l3n1p4_l5n1,358288.8552631579,348073.54054054053,10.21531472261739
io4_l1n1n1_l3n1p4_l5n1_d1d2,365194.41095890413,352807.7837837838,12.386627175120346
io4_l1n1n1_l3p1n1_l5n1,372554.4666666667,357814.5,14.739966666666675
io4_l1n1n1_l3p1n1_l5n1_d1d2,378379.2207792208,362702.0,15.677220779220807
io4_l1n1n1_l3p2n1_l5n1,385839.5657894737,369734.9210526316,16.104644736842136
io4_l1n1n1_l3p2n1_l5n1_d1d2,390980.7368421053,372978.5263157895,18.002210526315785
io4_l1n1n1_l3p4n1_l5n1,415706.91025641025,399057.85,16.649060256410273
io4_l1n1n1_l3p4n1_l5n1_d1d2,494585.012987013,475901.76923076925,18.683243756243726
io4_l1n1n2_l3n1n1_l5n1,357900.33766233764,349805.22222222225,8.095115440115391
io4_l1n1n2_l3n1n1_l5n1_d1d2,362753.7894736842,352103.2631578947,10.650526315789495
io4_l1n1n2_l3n1n2_l5n1,358141.94736842107,346037.4864864865,12.104460881934559
io4_l1n1n2_l3n1n2_l5n1_d1d2,363731.3466666667,351972.8918918919,11.758454774774785
io4_l1n1n2_l3n1n4_l5n1,359231.36842105264,348587.6842105263,10.643684210526349
io4_l1n1n2_l3n1n4_l5n1_d1d2,364387.0256410256,351725.25641025644,12.66176923076919
io4_l1n1n2_l3n1p1_l5n1,359441.5641025641,347611.4864864865,11.830077616077615
io4_l1n1n2_l3n1p1_l5n1_d1d2,367601.2727272727,350002.55555555556,17.598717171717144
io4_l1n1n2_l3n1p2_l5n1,357657.8,347006.05263157893,10.651747368421056
io4_l1n1n2_l3n1p2_l5n1_d1d2,364902.8157894737,349981.4857142857,14.921330075188017
io4_l1n1n2_l3n1p4_l5n1,359794.83116883115,347016.53846153844,12.778292707292712
io4_l1n1n2_l3n1p4_l5n1_d1d2,365214.7368421053,350738.9736842105,14.475763157894777
io4_l1n1n2_l3p1n1_l5n1,373104.5135135135,357233.7027027027,15.87081081081077
io4_l1n1n2_l3p1n1_l5n1_d1d2,380428.7948717949,362175.641025641,18.25315384615387
io4_l1n1n2_l3p2n1_l5n1,387329.49333333335,366936.3783783784,20.393114954954946
io4_l1n1n2_l3p2n1_l5n1_d1d2,393052.5753424658,371553.91891891893,21.49865642354684
io4_l1n1n2_l3p4n1_l5n1,421366.9324324324,400332.53846153844,21.034393970893987
io4_l1n1n2_l3p4n1_l5n1_d1d2,499327.8,478824.4,20.503399999999964
io4_l1n1n4_l3n1n1_l5n1,356676.25675675675,348103.02777777775,8.573228978978994
io4_l1n1n4_l3n1n1_l5n1_d1d2,361925.44,349844.45945945947,12.080980540540535
io4_l1n1n4_l3n1n2_l5n1,356761.71794871794,346358.358974359,10.40335897435894
io4_l1n1n4_l3n1n2_l5n1_d1d2,364311.04,351724.4871794872,12.586552820512791
io4_l1n1n4_l3n1n4_l5n1,360661.6153846154,349620.89743589744,11.040717948717939
io4_l1n1n4_l3n1n4_l5n1_d1d2,365795.12328767125,352691.6,13.103523287671269
io4_l1n1n4_l3n1p1_l5n1,363063.59722222225,347810.0,15.253597222222249
io4_l1n1n4_l3n1p1_l5n1_d1d2,369537.64556962025,351869.47222222225,17.668173347398
io4_l1n1n4_l3n1p2_l5n1,361780.4871794872,349235.8205128205,12.544666666666686
io4_l1n1n4_l3n1p2_l5n1_d1d2,366106.961038961,350314.5675675676,15.792393471393444
io4_l1n1n4_l3n1p4_l5n1,360846.25974025973,348140.5263157895,12.705733424470235
io4_l1n1n4_l3n1p4_l5n1_d1d2,368575.2337662338,353774.9142857143,14.800319480519509
io4_l1n1n4_l3p1n1_l5n1,376337.1549295775,359083.025,17.254129929577466
io4_l1n1n4_l3p1n1_l5n1_d1d2,381089.1842105263,364098.1891891892,16.99099502133712
io4_l1n1n4_l3p2n1_l5n1,388420.1558441558,367389.23076923075,21.030925074925065
io4_l1n1n4_l3p2n1_l5n1_d1d2,396299.5443037975,371376.15789473685,24.923386409060623
io4_l1n1n4_l3p4n1_l5n1,430984.45945945947,402099.5789473684,28.88488051209104
io4_l1n1n4_l3p4n1_l5n1_d1d2,507868.3287671233,477504.85714285716,30.363471624266122
io4_l1n1p1_l3n1n1_l5n1,359291.86486486485,350148.1538461539,9.14371101871098
io4_l1n1p1_l3n1n1_l5n1_d1d2,363084.73333333334,350032.5,13.052233333333337
io4_l1n1p1_l3n1n2_l5n1,358646.16,347379.2631578947,11.266896842105256
io4_l1n1p1_l3n1n2_l5n1_d1d2,364715.75,351285.22222222225,13.430527777777751
io4_l1n1p1_l3n1n4_l5n1,358263.5733333333,348066.05263157893,10.197520701754373
io4_l1n1p1_l3n1n4_l5n1_d1d2,367551.5733333333,351633.08108108107,15.91849225225224
io4_l1n1p1_l3n1p1_l5n1,362822.0,346726.63157894736,16.09536842105264
io4_l1n1p1_l3n1p1_l5n1_d1d2,371092.58666666667,351360.7027027027,19.73188396396395
io4_l1n1p1_l3n1p2_l5n1,362033.9090909091,348208.1282051282,13.82578088578093
io4_l1n1p1_l3n1p2_l5n1_d1d2,370049.4,352148.3076923077,17.901092307692334
io4_l1n1p1_l3n1p4_l5n1,363863.45945945947,347830.10256410256,16.033356895356906
io4_l1n1p1_l3n1p4_l5n1_d1d2,371980.79452054796,353941.71794871794,18.039076571830023
io4_l1n1p1_l3p1n1_l5n1,380483.05194805196,360078.0,20.40505194805196
io4_l1n1p1_l3p1n1_l5n1_d1d2,387506.7631578947,363142.28205128206,24.364481106612658
io4_l1n1p1_l3p2n1_l5n1,396898.7027027027,368364.95,28.53375270270271
io4_l1n1p1_l3p2n1_l5n1_d1d2,404177.1794871795,372310.2051282051,31.866974358974375
io4_l1n1p1_l3p4n1_l5n1,431308.0933333333,400889.3333333333,30.41876000000001
io4_l1n1p1_l3p4n1_l5n1_d1d2,502219.7837837838,473096.5789473684,29.12320483641536
io4_l1n1p2_l3n1n1_l5n1,358703.3506493507,349105.91891891893,9.597431730431737
io4_l1n1p2_l3n1n1_l5n1_d1d2,366801.7948717949,352302.6666666667,14.499128205128189
io4_l1n1p2_l3n1n2_l5n1,361352.25974025973,348827.7894736842,12.524470266575518
io4_l1n1p2_l3n1n2_l5n1_d1d2,367729.8947368421,351821.6052631579,15.908289473684155
io4_l1n1p2_l3n1n4_l5n1,361162.7534246575,348359.55,12.80320342465752
io4_l1n1p2_l3n1n4_l5n1_d1d2,369838.1948051948,352792.63157894736,17.045563226247438
io4_l1n1p2_l3n1p1_l5n1,365478.70666666667,347876.2162162162,17.602490450450453
io4_l1n1p2_l3n1p1_l5n1_d1d2,373749.28,353010.8918918919,20.738388108108133
io4_l1n1p2_l3n1p2_l5n1,364128.02469135803,347064.8205128205,17.063204178537532
io4_l1n1p2_l3n1p2_l5n1_d1d2,368974.3896103896,352405.71794871794,16.568671661671658
io4_l1n1p2_l3n1p4_l5n1,363197.3157894737,346791.5789473684,16.40573684210528
io4_l1n1p2_l3n1p4_l5n1_d1d2,370360.0273972603,353154.7948717949,17.205232525465426
io4_l1n1p2_l3p1n1_l5n1,380704.4487179487,359943.6153846154,20.760833333333313
io4_l1n1p2_l3p1n1_l5n1_d1d2,388699.4,364093.3,24.606100000000033
io4_l1n1p2_l3p2n1_l5n1,394827.23076923075,366098.4324324324,28.728798336798324
io4_l1n1p2_l3p2n1_l5n1_d1d2,405274.5063291139,374454.9,30.819606329113885
io4_l1n1p2_l3p4n1_l5n1,437326.61842105264,401399.8947368421,35.926723684210565
io4_l1n1p2_l3p4n1_l5n1_d1d2,514655.41025641025,478847.15789473685,35.8082523616734
io4_l1n1p4_l3n1n1_l5n1,357424.9459459459,346350.02702702704,11.074918918918877
io4_l1n1p4_l3n1n1_l5n1_d1d2,366187.9220779221,351113.36842105264,15.074553656869451
io4_l1n1p4_l3n1n2_l5n1,359229.92,345916.25,13.313669999999984
io4_l1n1p4_l3n1n2_l5n1_d1d2,366408.52,351015.5945945946,15.392925405405403
io4_l1n1p4_l3n1n4_l5n1,362034.4,347585.94444444444,14.448455555555585
io4_l1n1p4_l3n1n4_l5n1_d1d2,365816.41891891893,350706.2972972973,15.110121621621657
io4_l1n1p4_l3n1p1_l5n1,366301.0,345718.19444444444,20.582805555555563
io4_l1n1p4_l3n1p1_l5n1_d1d2,372466.8181818182,349846.4864864865,22.620331695331668
io4_l1n1p4_l3n1p2_l5n1,362709.5789473684,344209.7894736842,18.499789473684213
io4_l1n1p4_l3n1p2_l5n1_d1d2,371059.05479452055,352857.54054054053,18.201514253980015
io4_l1n1p4_l3n1p4_l5n1,363629.7631578947,347078.35135135136,16.551411806543356
io4_l1n1p4_l3n1p4_l5n1_d1d2,369941.44,350577.10256410256,19.36433743589744
io4_l1n1p4_l3p1n1_l5n1,381673.625,357745.3243243243,23.92830067567568
io4_l1n1p4_l3p1n1_l5n1_d1d2,388290.84285714285,361169.0,27.121842857142852
io4_l1n1p4_l3p2n1_l5n1,397027.5135135135,369321.7894736842,27.705724039829278
io4_l1n1p4_l3p2n1_l5n1_d1d2,406393.4324324324,373057.36842105264,33.33606401137978
io4_l1n1p4_l3p4n1_l5n1,445510.7012987013,401196.85,44.31385129870131
io4_l1n1p4_l3p4n1_l5n1_d1d2,519522.0,476701.3333333333,42.82066666666669
io4_l1p1n1_l3n1n1_l5p1,376241.2972972973,360340.65789473685,15.900639402560424
io4_l1p1n1_l3n1n1_l5p1_d1d2,385879.9866666667,363437.13157894736,22.442855087719334
io4_l1p1n1_l3n1n2_l5p1,376599.08,359947.3333333333,16.651746666666703
io4_l1p1n1_l3n1n2_l5p1_d1d2,384656.94736842107,363388.5675675676,21.268379800853495
io4_l1p1n1_l3n1n4_l5p1,376882.9210526316,359167.89743589744,17.715023616734136
io4_l1p1n1_l3n1n4_l5p1_d1d2,381078.2133333333,361675.7894736842,19.402423859649105
io4_l1p1n1_l3n1p1_l5p1,384752.04054054053,359200.53846153844,25.551502079002095
io4_l1p1n1_l3n1p1_l5p1_d1d2,392186.6666666667,363444.58974358975,28.742076923076937
io4_l1p1n1_l3n1p2_l5p1,380161.13333333336,357772.54054054053,22.388592792792828
io4_l1p1n1_l3n1p2_l5p1_d1d2,389996.8933333333,359769.1111111111,30.22778222222219
io4_l1p1n1_l3n1p4_l5p1,381914.94666666666,356552.7105263158,25.36223614035087
io4_l1p1n1_l3n1p4_l5p1_d1d2,390387.5844155844,361289.6285714286,29.097955844155805
io4_l1p1n1_l3p1n1_l5p1,389139.9324324324,363087.4871794872,26.05244525294524
io4_l1p1n1_l3p1n1_l5p1_d1d2,397260.7922077922,368491.8378378378,28.768954369954415
io4_l1p1n1_l3p2n1_l5p1,410010.88,373700.0,36.310880000000004
io4_l1p1n1_l3p2n1_l5p1_d1d2,415005.6233766234,376861.65714285715,38.14396623376623
io4_l1p1n1_l3p4n1_l5p1,454098.28571428574,406879.0,47.21928571428574
io4_l1p1n1_l3p4n1_l5p1_d1d2,533106.6849315069,486238.875,46.86780993150687
io4_l1p2n1_l3n1n1_l5p2,387083.16,367652.6285714286,19.43053142857138
io4_l1p2n1_l3n1n1_l5p2_d1d2,391989.07692307694,372112.725,19.87635192307696
io4_l1p2n1_l3n1n2_l5p2,389643.5263157895,366143.2105263158,23.50031578947371
io4_l1p2n1_l3n1n2_l5p2_d1d2,396357.7631578947,370170.8108108108,26.186952347083892
io4_l1p2n1_l3n1n4_l5p2,393808.68493150687,368907.5641025641,24.901120828942744
io4_l1p2n1_l3n1n4_l5p2_d1d2,401115.34210526315,371628.1794871795,29.487162618083648
io4_l1p2n1_l3n1p1_l5p2,401589.1369863014,368207.63157894736,33.38150540735404
io4_l1p2n1_l3n1p1_l5p2_d1d2,406674.3947368421,371653.05263157893,35.021342105263145
io4_l1p2n1_l3n1p2_l5p2,396800.84210526315,366742.5641025641,30.058278002699023
io4_l1p2n1_l3n1p2_l5p2_d1d2,404925.2894736842,372368.1,32.55718947368424
io4_l1p2n1_l3n1p4_l5p2,396850.63157894736,365618.775,31.231856578947337
io4_l1p2n1_l3n1p4_l5p2_d1d2,408325.4,373123.5263157895,35.201873684210526
io4_l1p2n1_l3p1n1_l5p2,405430.1038961039,371705.55,33.72455389610393
io4_l1p2n1_l3p1n1_l5p2_d1d2,414209.1842105263,375769.13513513515,38.440049075391144
io4_l1p2n1_l3p2n1_l5p2,427747.2638888889,374311.86486486485,53.43539902402402
io4_l1p2n1_l3p2n1_l5p2_d1d2,440135.92307692306,380762.6842105263,59.373238866396775
io4_l1p2n1_l3p4n1_l5p2,501239.19444444444,418128.4705882353,83.11072385620913
io4_l1p2n1_l3p4n1_l5p2_d1d2,584353.7066666667,495813.5,88.54020666666666
io4_l1p4n1_l3n1n1_l5p4,422414.2465753425,399140.1538461539,23.274092729188617
io4_l1p4n1_l3n1n1_l5p4_d1d2,491607.1842105263,471196.6111111111,20.410573099415167
io4_l1p4n1_l3n1n2_l5p4,427241.1052631579,396093.6923076923,31.14741295546561
io4_l1p4n1_l3n1n2_l5p4_d1d2,503305.3333333333,476892.0540540541,26.41327927927923
io4_l1p4n1_l3n1n4_l5p4,442029.69333333336,398981.5789473684,43.04811438596493
io4_l1p4n1_l3n1n4_l5p4_d1d2,512860.19178082194,477090.25641025644,35.769935370565506
io4_l1p4n1_l3n1p1_l5p4,445232.04054054053,401958.75675675675,43.27328378378379
io4_l1p4n1_l3n1p1_l5p4_d1d2,506924.4,471794.2051282051,35.1301948717949
io4_l1p4n1_l3n1p2_l5p4,439608.83544303797,399012.5128205128,40.59632262252516
io4_l1p4n1_l3n1p2_l5p4_d1d2,511329.417721519,473159.41025641025,38.17000746510876
io4_l1p4n1_l3n1p4_l5p4,447514.40789473685,400959.45,46.554957894736845
io4_l1p4n1_l3n1p4_l5p4_d1d2,517650.71428571426,473528.86842105264,44.12184586466162
io4_l1p4n1_l3p1n1_l5p4,453665.84210526315,405498.0540540541,48.167788051209065
io4_l1p4n1_l3p1n1_l5p4_d1d2,532793.8421052631,485911.6842105263,46.88215789473686
io4_l1p4n1_l3p2n1_l5p4,500313.7733333333,415156.6153846154,85.15715794871794
io4_l1p4n1_l3p2n1_l5p4_d1d2,584959.4736842106,495842.4736842105,89.11700000000006
io4_l1p4n1_l3p4n1_l5p4,599964.1282051282,430101.15789473685,169.8629703103914
io4_l1p4n1_l3p4n1_l5p4_d1d2,782028.9866666667,530612.8,251.41618666666665
io8_l1n1n1_l3n1n1_l5n1,357004.3896103896,348377.2,8.627189610389586
io8_l1n1n1_l3n1n1_l5n1_d1d2,383864.8933333333,365808.97297297296,18.055920360360354
io8_l1n1n1_l3n1n2_l5n1,357628.94736842107,346044.8461538461,11.584101214574941
io8_l1n1n1_l3n1n2_l5n1_d1d2,381914.67532467534,364899.6052631579,17.015070061517413
io8_l1n1n1_l3n1n4_l5n1,356523.9210526316,346134.75675675675,10.389164295874828
io8_l1n1n1_l3n1n4_l5n1_d1d2,382542.2105263158,365186.4210526316,17.355789473684215
io8_l1n1n1_l3n1n8_l5n1,356326.3116883117,345863.23076923075,10.463080919080937
io8_l1n1n1_l3n1n8_l5n1_d1d2,382410.9866666667,364022.9743589744,18.388012307692318
io8_l1n1n1_l3n1p1_l5n1,360968.17333333334,345280.4210526316,15.687752280701767
io8_l1n1n1_l3n1p1_l5n1_d1d2,387250.23076923075,362156.05263157893,25.09417813765182
io8_l1n1n1_l3n1p2_l5n1,358390.6438356164,347614.5789473684,10.776064888247987
io8_l1n1n1_l3n1p2_l5n1_d1d2,382938.63157894736,362715.75,20.22288157894736
io8_l1n1n1_l3n1p4_l5n1,358429.3521126761,345754.63157894736,12.674720533728715
io8_l1n1n1_l3n1p4_l5n1_d1d2,386468.08450704225,365394.7105263158,21.073373980726466
io8_l1n1n1_l3n1p8_l5n1,359488.52,346806.6756756757,12.681844324324338
io8_l1n1n1_l3n1p8_l5n1_d1d2,385410.3157894737,365062.2162162162,20.348099573257496
io8_l1n1n1_l3p1n1_l5n1,369456.53846153844,354778.0,14.678538461538439
io8_l1n1n1_l3p1n1_l5n1_d1d2,400412.94805194804,376546.75675675675,23.866191295191296
io8_l1n1n1_l3p2n1_l5n1,382027.4736842105,365079.94736842107,16.947526315789435
io8_l1n1n1_l3p2n1_l5n1_d1d2,414685.19178082194,391768.64864864864,22.916543132173306
io8_l1n1n1_l3p4n1_l5n1,392289.3896103896,375342.0789473684,16.94731066302117
io8_l1n1n1_l3p4n1_l5n1_d1d2,424820.72602739726,400600.7948717949,24.21993115560239
io8_l1n1n1_l3p8n1_l5n1,470072.63513513515,451971.3157894737,18.101319345661437
io8_l1n1n1_l3p8n1_l5n1_d1d2,849844.7974683545,814126.8378378379,35.71795963051659
io8_l1n1n2_l3n1n1_l5n1,358036.9240506329,347706.5675675676,10.330356483065348
io8_l1n1n2_l3n1n1_l5n1_d1d2,382343.6103896104,366830.97297297296,15.512637416637444
io8_l1n1n2_l3n1n2_l5n1,356024.0,346610.4324324324,9.413567567567574
io8_l1n1n2_l3n1n2_l5n1_d1d2,379561.92307692306,365006.9743589744,14.55494871794869
io8_l1n1n2_l3n1n4_l5n1,357708.8947368421,346723.0256410256,10.98586909581645
io8_l1n1n2_l3n1n4_l5n1_d1d2,380902.45714285714,365926.1621621622,14.976294980694947
io8_l1n1n2_l3n1n8_l5n1,357781.2162162162,346498.0512820513,11.283164934164903
io8_l1n1n2_l3n1n8_l5n1_d1d2,377871.4054054054,363147.23076923075,14.724174636174634
io8_l1n1n2_l3n1p1_l5n1,356388.7866666667,345280.71794871794,11.108068717948743
io8_l1n1n2_l3n1p1_l5n1_d1d2,381331.25974025973,356988.71794871794,24.342541791541795
io8_l1n1n2_l3n1p2_l5n1,358269.71428571426,345288.84210526315,12.980872180451115
io8_l1n1n2_l3n1p2_l5n1_d1d2,382184.1538461539,361333.2702702703,20.85088357588358
io8_l1n1n2_l3n1p4_l5n1,357899.3506493507,346137.6756756757,11.761674973674992
io8_l1n1n2_l3n1p4_l5n1_d1d2,381200.93506493507,364458.92307692306,16.742011988012003
io8_l1n1n2_l3n1p8_l5n1,358243.0,347577.23076923075,10.665769230769248
io8_l1n1n2_l3n1p8_l5n1_d1d2,380735.725,363455.63157894736,17.280093421052616
io8_l1n1n2_l3p1n1_l5n1,370541.6533333333,355278.6111111111,15.263042222222197
io8_l1n1n2_l3p1n1_l5n1_d1d2,397166.23287671234,377000.1176470588,20.166115229653546
io8_l1n1n2_l3p2n1_l5n1,380039.83116883115,363004.0540540541,17.03577711477707
io8_l1n1n2_l3p2n1_l5n1_d1d2,413161.58666666667,392606.6923076923,20.55489435897436
io8_l1n1n2_l3p4n1_l5n1,393468.0,377190.19444444444,16.277805555555563
io8_l1n1n2_l3p4n1_l5n1_d1d2,420894.46153846156,399068.6,21.825861538461584
io8_l1n1n2_l3p8n1_l5n1,466293.05479452055,447298.36842105264,18.994686373467907
io8_l1n1n2_l3p8n1_l5n1_d1d2,836906.1095890411,804068.8857142857,32.83722387475544
io8_l1n1n4_l3n1n1_l5n1,357307.76,346729.24324324325,10.578516756756756
io8_l1n1n4_l3n1n1_l5n1_d1d2,383052.88157894736,365196.84210526315,17.856039473684213
io8_l1n1n4_l3n1n2_l5n1,357258.79452054796,346913.02702702704,10.345767493520922
io8_l1n1n4_l3n1n2_l5n1_d1d2,379132.48,362997.1666666667,16.135313333333297
io8_l1n1n4_l3n1n4_l5n1,358158.85135135136,343084.2631578947,15.074588193456643
io8_l1n1n4_l3n1n4_l5n1_d1d2,381448.1756756757,362944.69444444444,18.50348123123124
io8_l1n1n4_l3n1n8_l5n1,360264.76923076925,345589.4358974359,14.675333333333372
io8_l1n1n4_l3n1n8_l5n1_d1d2,385081.2051282051,366948.2105263158,18.13299460188934
io8_l1n1n4_l3n1p1_l5n1,364090.7866666667,346909.9459459459,17.180840720720763
io8_l1n1n4_l3n1p1_l5n1_d1d2,389613.3076923077,360502.2368421053,29.111070850202406
io8_l1n1n4_l3n1p2_l5n1,361482.82666666666,344753.7027027027,16.72912396396394
io8_l1n1n4_l3n1p2_l5n1_d1d2,387924.13513513515,362755.3243243243,25.16881081081083
io8_l1n1n4_l3n1p4_l5n1,362316.76,348027.2894736842,14.289470526315796
io8_l1n1n4_l3n1p4_l5n1_d1d2,383486.85135135136,361226.08108108107,22.260770270270296
io8_l1n1n4_l3n1p8_l5n1,359868.05194805196,346281.9,13.586151948051935
io8_l1n1n4_l3n1p8_l5n1_d1d2,392371.06666666665,374433.3947368421,17.937671929824575
io8_l1n1n4_l3p1n1_l5n1,373047.94736842107,355088.97297297296,17.95897439544811
io8_l1n1n4_l3p1n1_l5n1_d1d2,401212.86486486485,377762.36842105264,23.450496443812213
io8_l1n1n4_l3p2n1_l5n1,386683.775,363430.5,23.253275000000023
io8_l1n1n4_l3p2n1_l5n1_d1d2,420495.5625,391530.35,28.965212500000025
io8_l1n1n4_l3p4n1_l5n1,400045.45,374610.875,25.434575000000013
io8_l1n1n4_l3p4n1_l5n1_d1d2,429194.55,396981.4,32.21314999999996
io8_l1n1n4_l3p8n1_l5n1,474327.1,449557.45,24.769649999999967
io8_l1n1n4_l3p8n1_l5n1_d1d2,867015.7027027027,815559.2564102564,51.456446292446344
io8_l1n1n8_l3n1n1_l5n1,357128.8,344973.45,12.155349999999977
io8_l1n1n8_l3n1n1_l5n1_d1d2,382894.1125,363614.025,19.280087499999965
io8_l1n1n8_l3n1n2_l5n1,356579.3,346348.53658536583,10.23076341463416
io8_l1n1n8_l3n1n2_l5n1_d1d2,376960.225,362405.0,14.555224999999977
io8_l1n1n8_l3n1n4_l5n1,360308.4,345665.55,14.642850000000035
io8_l1n1n8_l3n1n4_l5n1_d1d2,380170.875,363191.8,16.979075000000012
io8_l1n1n8_l3n1n8_l5n1,357183.175,342423.15,14.760024999999965
io8_l1n1n8_l3n1n8_l5n1_d1d2,380732.95,361319.7,19.41325
io8_l1n1n8_l3n1p1_l5n1,362996.625,344371.39024390245,18.625234756097548
io8_l1n1n8_l3n1p1_l5n1_d1d2,389065.125,361766.9,27.298224999999977
io8_l1n1n8_l3n1p2_l5n1,365871.6375,347397.85,18.473787500000036
io8_l1n1n8_l3n1p2_l5n1_d1d2,388025.2,364696.05,23.329150000000023
io8_l1n1n8_l3n1p4_l5n1,360213.25,344871.95,15.341299999999988
io8_l1n1n8_l3n1p4_l5n1_d1d2,383630.1375,362334.45,21.2956875
io8_l1n1n8_l3n1p8_l5n1,362277.675,345546.85,16.73082500000001
io8_l1n1n8_l3n1p8_l5n1_d1d2,394907.5352112676,375361.23529411765,19.54629991714994
io8_l1n1n8_l3p1n1_l5n1,375377.45,354442.05,20.935400000000023
io8_l1n1n8_l3p1n1_l5n1_d1d2,404491.325,379113.9,25.377424999999988
io8_l1n1n8_l3p2n1_l5n1,390213.9,363628.325,26.585575000000013
io8_l1n1n8_l3p2n1_l5n1_d1d2,420899.2,391465.4,29.433799999999987
io8_l1n1n8_l3p4n1_l5n1,402355.1625,374322.175,28.032987499999987
io8_l1n1n8_l3p4n1_l5n1_d1d2,433530.85,398646.875,34.88397499999998
io8_l1n1n8_l3p8n1_l5n1,483010.8271604938,450201.55,32.809277160493835
io8_l1n1n8_l3p8n1_l5n1_d1d2,863478.6710526316,808332.2631578947,55.14640789473685
io8_l1n1p1_l3n1n1_l5n1,359054.3375,345652.95,13.401387500000011
io8_l1n1p1_l3n1n1_l5n1_d1d2,388048.9,365404.875,22.644025000000024
io8_l1n1p1_l3n1n2_l5n1,358726.625,345495.125,13.2315
io8_l1n1p1_l3n1n2_l5n1_d1d2,388280.6835443038,365966.85,22.313833544303836
io8_l1n1p1_l3n1n4_l5n1,363369.125,346900.6,16.468525000000025
io8_l1n1p1_l3n1n4_l5n1_d1d2,387943.875,363469.4,24.474474999999977
io8_l1n1p1_l3n1n8_l5n1,365180.7625,348437.25,16.743512500000012
io8_l1n1p1_l3n1n8_l5n1_d1d2,395315.961038961,369491.0263157895,25.824934723171523
io8_l1n1p1_l3n1p1_l5n1,366405.69620253163,348499.1,17.906596202531656
io8_l1n1p1_l3n1p1_l5n1_d1d2,400590.65,364299.225,36.29142500000005
io8_l1n1p1_l3n1p2_l5n1,366450.3375,348369.25,18.081087500000024
io8_l1n1p1_l3n1p2_l5n1_d1d2,394106.025,359557.025,34.549
io8_l1n1p1_l3n1p4_l5n1,367048.875,347794.75,19.254125
io8_l1n1p1_l3n1p4_l5n1_d1d2,396727.5308641975,364254.9,32.472630864197505
io8_l1n1p1_l3n1p8_l5n1,368283.55,346144.875,22.13867499999999
io8_l1n1p1_l3n1p8_l5n1_d1d2,400443.92,369156.34210526315,31.287577894736838
io8_l1n1p1_l3p1n1_l5n1,379008.025,357386.675,21.621350000000035
io8_l1n1p1_l3p1n1_l5n1_d1d2,415794.425,380826.6,34.96782500000001
io8_l1n1p1_l3p2n1_l5n1,396609.9375,366103.125,30.5068125
io8_l1n1p1_l3p2n1_l5n1_d1d2,438966.75,393970.9,44.995849999999976
io8_l1n1p1_l3p4n1_l5n1,408823.7375,375628.8,33.1949375
io8_l1n1p1_l3p4n1_l5n1_d1d2,447312.9,396428.025,50.884875
io8_l1n1p1_l3p8n1_l5n1,488545.25,452281.55,36.263700000000014
io8_l1n1p1_l3p8n1_l5n1_d1d2,877623.4736842106,812353.2777777778,65.27019590643282
io8_l1n1p2_l3n1n1_l5n1,362731.1,348444.05,14.287049999999988
io8_l1n1p2_l3n1n1_l5n1_d1d2,388737.6404494382,363289.1,25.44854044943821
io8_l1n1p2_l3n1n2_l5n1,359888.25,347816.74358974356,12.071506410256436
io8_l1n1p2_l3n1n2_l5n1_d1d2,381750.0,363376.88372093026,18.37311627906974
io8_l1n1p2_l3n1n4_l5n1,363936.1707317073,348080.0243902439,15.856146341463376
io8_l1n1p2_l3n1n4_l5n1_d1d2,391271.65,364897.5,26.37415000000002
io8_l1n1p2_l3n1n8_l5n1,366084.175,347442.65,18.641524999999966
io8_l1n1p2_l3n1n8_l5n1_d1d2,399669.8108108108,376490.72222222225,23.17908858858858
io8_l1n1p2_l3n1p1_l5n1,369852.3164556962,347969.35,21.88296645569621
io8_l1n1p2_l3n1p1_l5n1_d1d2,400201.0,364152.75,36.04825
io8_l1n1p2_l3n1p2_l5n1,367446.75,345806.05,21.640700000000013
io8_l1n1p2_l3n1p2_l5n1_d1d2,400704.3,366548.5,34.155799999999985
io8_l1n1p2_l3n1p4_l5n1,366638.3625,348193.1,18.445262500000013
io8_l1n1p2_l3n1p4_l5n1_d1d2,393220.075,362765.125,30.45495000000001
io8_l1n1p2_l3n1p8_l5n1,364311.775,345136.95,19.174825000000013
io8_l1n1p2_l3n1p8_l5n1_d1d2,400374.85135135136,371123.3157894737,29.251535561877652
io8_l1n1p2_l3p1n1_l5n1,379613.4125,351845.625,27.767787499999976
io8_l1n1p2_l3p1n1_l5n1_d1d2,411746.775,375276.8,36.469975000000034
io8_l1n1p2_l3p2n1_l5n1,394661.8625,362351.45,32.31041249999998
io8_l1n1p2_l3p2n1_l5n1_d1d2,436191.775,392406.175,43.78560000000004
io8_l1n1p2_l3p4n1_l5n1,406764.55,371508.375,35.25617499999999
io8_l1n1p2_l3p4n1_l5n1_d1d2,443955.875,392466.25,51.489625
io8_l1n1p2_l3p8n1_l5n1,485007.1875,445355.25,39.6519375
io8_l1n1p2_l3p8n1_l5n1_d1d2,865454.325,788134.6,77.31972499999998
io8_l1n1p4_l3n1n1_l5n1,357008.375,343498.05,13.510325000000012
io8_l1n1p4_l3n1n1_l5n1_d1d2,383801.075,362866.8780487805,20.934196951219523
io8_l1n1p4_l3n1n2_l5n1,352268.275,339595.95,12.672325000000011
io8_l1n1p4_l3n1n2_l5n1_d1d2,378144.3,359308.875,18.83542499999999
io8_l1n1p4_l3n1n4_l5n1,355330.7,338194.225,17.136475000000036
io8_l1n1p4_l3n1n4_l5n1_d1d2,381457.775,358134.2,23.323575000000012
io8_l1n1p4_l3n1n8_l5n1,360322.8125,345126.9,15.195912499999977
io8_l1n1p4_l3n1n8_l5n1_d1d2,392144.65789473685,369403.5714285714,22.741086466165434
io8_l1n1p4_l3n1p1_l5n1,366169.5,342578.1,23.591400000000025
io8_l1n1p4_l3n1p1_l5n1_d1d2,397855.95,362627.65,35.22829999999999
io8_l1n1p4_l3n1p2_l5n1,363480.6,344087.3,19.39329999999999
io8_l1n1p4_l3n1p2_l5n1_d1d2,396001.025,362332.5,33.668525000000024
io8_l1n1p4_l3n1p4_l5n1,361981.35,344946.25,17.035099999999975
io8_l1n1p4_l3n1p4_l5n1_d1d2,387821.75,359194.0,28.62775
io8_l1n1p4_l3n1p8_l5n1,362830.8,344185.825,18.644974999999977
io8_l1n1p4_l3n1p8_l5n1_d1d2,397737.96153846156,370442.97297297296,27.2949885654886
io8_l1n1p4_l3p1n1_l5n1,382010.25,355758.45,26.25179999999999
io8_l1n1p4_l3p1n1_l5n1_d1d2,414290.075,380193.5,34.09657500000001
io8_l1n1p4_l3p2n1_l5n1,397987.225,364000.55,33.98667499999999
io8_l1n1p4_l3p2n1_l5n1_d1d2,434171.7,392685.25,41.48645000000001
io8_l1n1p4_l3p4n1_l5n1,413521.5625,377713.3,35.80826250000001
io8_l1n1p4_l3p4n1_l5n1_d1d2,446218.34831460676,398831.35,47.386998314606785
io8_l1n1p4_l3p8n1_l5n1,488594.5,446640.0,41.9545
io8_l1n1p4_l3p8n1_l5n1_d1d2,862104.15,795538.2,66.56595000000007
io8_l1n1p8_l3n1n1_l5n1,358651.675,345661.425,12.99025
io8_l1n1p8_l3n1n1_l5n1_d1d2,381475.925,359570.55,21.905375
io8_l1n1p8_l3n1n2_l5n1,359762.175,345542.45,14.219724999999977
io8_l1n1p8_l3n1n2_l5n1_d1d2,381590.5875,362809.2926829268,18.781294817073213
io8_l1n1p8_l3n1n4_l5n1,361466.825,346175.525,15.291299999999989
io8_l1n1p8_l3n1n4_l5n1_d1d2,384655.7,363759.8,20.895900000000022
io8_l1n1p8_l3n1n8_l5n1,365390.625,347213.25,18.177375
io8_l1n1p8_l3n1n8_l5n1_d1d2,393490.54054054053,370794.94736842107,22.695593172119466
io8_l1n1p8_l3n1p1_l5n1,367209.2125,345767.25,21.441962500000024
io8_l1n1p8_l3n1p1_l5n1_d1d2,398043.075,364143.7804878049,33.899294512195105
io8_l1n1p8_l3n1p2_l5n1,366031.2125,345600.85,20.430362500000047
io8_l1n1p8_l3n1p2_l5n1_d1d2,393687.825,362067.75,31.62007500000001
io8_l1n1p8_l3n1p4_l5n1,365970.525,347538.75,18.431775000000023
io8_l1n1p8_l3n1p4_l5n1_d1d2,390318.04938271607,362670.6,27.64744938271609
io8_l1n1p8_l3n1p8_l5n1,362471.3076923077,343613.3076923077,18.858
io8_l1n1p8_l3n1p8_l5n1_d1d2,386328.3625,361119.0,25.209362499999987
io8_l1n1p8_l3p1n1_l5n1,378011.8875,352042.2,25.9696875
io8_l1n1p8_l3p1n1_l5n1_d1d2,411977.05,376962.425,35.014625
io8_l1n1p8_l3p2n1_l5n1,399768.5,362433.6,37.334900000000026
io8_l1n1p8_l3p2n1_l5n1_d1d2,435815.48,392783.7,43.03177999999997
io8_l1n1p8_l3p4n1_l5n1,409847.0909090909,372058.95,37.78814090909087
io8_l1n1p8_l3p4n1_l5n1_d1d2,446856.5733333333,398443.4871794872,48.413086153846116
io8_l1n1p8_l3p8n1_l5n1,492738.08108108107,451835.0,40.90308108108106
io8_l1n1p8_l3p8n1_l5n1_d1d2,896378.925,808516.6829268293,87.86224207317072
io8_l1p1n1_l3n1n1_l5p1,371520.73333333334,353991.3076923077,17.52942564102565
io8_l1p1n1_l3n1n1_l5p1_d1d2,402494.36842105264,376014.2105263158,26.480157894736855
io8_l1p1n1_l3n1n2_l5p1,374758.2266666667,357352.6052631579,17.40562140350876
io8_l1p1n1_l3n1n2_l5p1_d1d2,400543.82608695654,378934.72222222225,21.609103864734294
io8_l1p1n1_l3n1n4_l5p1,380704.3661971831,360103.5294117647,20.600836785418387
io8_l1p1n1_l3n1n4_l5p1_d1d2,404950.4675324675,379685.44444444444,25.265023088023067
io8_l1p1n1_l3n1n8_l5p1,382993.83561643836,358792.41025641025,24.201425360028107
io8_l1p1n1_l3n1n8_l5p1_d1d2,413772.4931506849,385609.0512820513,28.163441868633615
io8_l1p1n1_l3n1p1_l5p1,390444.7922077922,359189.17647058825,31.255615737203975
io8_l1p1n1_l3n1p1_l5p1_d1d2,426293.0,381687.3333333333,44.605666666666686
io8_l1p1n1_l3n1p2_l5p1,389051.5733333333,359373.575,29.677998333333292
io8_l1p1n1_l3n1p2_l5p1_d1d2,420212.55555555556,380305.36363636365,39.907191919191916
io8_l1p1n1_l3n1p4_l5p1,384404.30555555556,356803.4736842105,27.600831871345058
io8_l1p1n1_l3n1p4_l5p1_d1d2,416479.25333333336,380373.6923076923,36.105561025641045
io8_l1p1n1_l3n1p8_l5p1,386419.3611111111,360208.4871794872,26.210873931623937
io8_l1p1n1_l3n1p8_l5p1_d1d2,413120.0253164557,379843.45,33.276575316455684
io8_l1p1n1_l3p1n1_l5p1,393038.98630136985,364649.3243243243,28.389661977045527
io8_l1p1n1_l3p1n1_l5p1_d1d2,431430.56,394155.0,37.27556
io8_l1p1n1_l3p2n1_l5p1,409218.03797468357,372413.80555555556,36.804232419128006
io8_l1p1n1_l3p2n1_l5p1_d1d2,457236.858974359,407092.9166666667,50.14394230769231
io8_l1p1n1_l3p4n1_l5p1,428668.75324675324,383981.71428571426,44.687038961038986
io8_l1p1n1_l3p4n1_l5p1_d1d2,469849.75675675675,416694.6176470588,53.15513910969795
io8_l1p1n1_l3p8n1_l5p1,514451.84210526315,462798.22222222225,51.653619883040896
io8_l1p1n1_l3p8n1_l5p1_d1d2,889314.45,803069.95,86.2445
io8_l1p2n1_l3n1n1_l5p2,385497.1948051948,366373.02702702704,19.124167778167756
io8_l1p2n1_l3n1n1_l5p2_d1d2,422556.37333333335,393174.74358974356,29.381629743589787
io8_l1p2n1_l3n1n2_l5p2,386726.2727272727,367947.65789473685,18.77861483253585
io8_l1p2n1_l3n1n2_l5p2_d1d2,418602.69333333336,394376.24324324325,24.226450090090104
io8_l1p2n1_l3n1n4_l5p2,390034.58666666667,367537.4736842105,22.497112982456166
io8_l1p2n1_l3n1n4_l5p2_d1d2,420530.4054054054,394322.28205128206,26.208123354123323
io8_l1p2n1_l3n1n8_l5p2,397433.2051282051,368981.0,28.452205128205126
io8_l1p2n1_l3n1n8_l5p2_d1d2,418693.7875,394397.1,24.2966875
io8_l1p2n1_l3n1p1_l5p2,401671.91780821915,365143.64864864864,36.52826915957051
io8_l1p2n1_l3n1p1_l5p2_d1d2,443113.0263157895,393081.3243243243,50.03170199146518
io8_l1p2n1_l3n1p2_l5p2,403534.7027027027,367762.36842105264,35.77233428165008
io8_l1p2n1_l3n1p2_l5p2_d1d2,441298.6710526316,394138.5789473684,47.160092105263146
io8_l1p2n1_l3n1p4_l5p2,401731.52,366812.2051282051,34.919314871794896
io8_l1p2n1_l3n1p4_l5p2_d1d2,441852.3287671233,394282.91891891893,47.56940984820435
io8_l1p2n1_l3n1p8_l5p2,403011.25333333336,369492.6842105263,33.518569122807065
io8_l1p2n1_l3n1p8_l5p2_d1d2,440064.746835443,392453.225,47.61152183544304
io8_l1p2n1_l3p1n1_l5p2,408086.13513513515,373732.65789473685,34.35347724039829
io8_l1p2n1_l3p1n1_l5p2_d1d2,457899.2702702703,407441.84210526315,50.45742816500715
io8_l1p2n1_l3p2n1_l5p2,431648.9733333333,375498.9743589744,56.14999897435895
io8_l1p2n1_l3p2n1_l5p2_d1d2,484962.7702702703,414617.1666666667,70.3456036036036
io8_l1p2n1_l3p4n1_l5p2,467979.5753424658,392749.7631578947,75.22981218457106
io8_l1p2n1_l3p4n1_l5p2_d1d2,522581.0263157895,429137.9743589744,93.44305195681513
io8_l1p2n1_l3p8n1_l5p2,569881.3972602739,477818.4324324324,92.0629648278415
io8_l1p2n1_l3p8n1_l5p2_d1d2,967671.6125,809986.775,157.68483750000001
io8_l1p4n1_l3n1n1_l5p4,404242.09210526315,384722.7837837838,19.519308321479357
io8_l1p4n1_l3n1n1_l5p4_d1d2,433894.5263157895,402981.17647058825,30.913349845201243
io8_l1p4n1_l3n1n2_l5p4,401805.74666666664,382348.2368421053,19.457509824561363
io8_l1p4n1_l3n1n2_l5p4_d1d2,430282.4285714286,403751.5128205128,26.530915750915767
io8_l1p4n1_l3n1n4_l5p4,411311.6883116883,381739.7894736842,29.5718988380041
io8_l1p4n1_l3n1n4_l5p4_d1d2,443195.7368421053,404291.07692307694,38.90465991902835
io8_l1p4n1_l3n1n8_l5p4,417971.74324324325,383556.641025641,34.415102217602254
io8_l1p4n1_l3n1n8_l5p4_d1d2,445248.4556962025,406140.175,39.108280696202534
io8_l1p4n1_l3n1p1_l5p4,425798.1038961039,380186.3783783784,45.61172551772551
io8_l1p4n1_l3n1p1_l5p4_d1d2,460922.9210526316,403536.9736842105,57.38594736842107
io8_l1p4n1_l3n1p2_l5p4,426165.91891891893,383658.35135135136,42.50756756756758
io8_l1p4n1_l3n1p2_l5p4_d1d2,462129.5063291139,405392.23076923075,56.73727555988316
io8_l1p4n1_l3n1p4_l5p4,423714.5833333333,382645.84210526315,41.06874122807017
io8_l1p4n1_l3n1p4_l5p4_d1d2,456099.1780821918,404391.05555555556,51.70812252663623
io8_l1p4n1_l3n1p8_l5p4,424204.6081081081,384301.2105263158,39.90339758179232
io8_l1p4n1_l3n1p8_l5p4_d1d2,451749.4875,400862.6,50.886887500000014
io8_l1p4n1_l3p1n1_l5p4,434583.6081081081,388076.94736842107,46.506660739687035
io8_l1p4n1_l3p1n1_l5p4_d1d2,475410.1066666667,417705.86842105264,57.70423824561405
io8_l1p4n1_l3p2n1_l5p4,474491.59210526315,397273.19444444444,77.21839766081871
io8_l1p4n1_l3p2n1_l5p4_d1d2,528070.7567567568,431233.76923076925,96.83698752598755
io8_l1p4n1_l3p4n1_l5p4,506678.92307692306,399079.86486486485,107.59905821205821
io8_l1p4n1_l3p4n1_l5p4_d1d2,572629.2533333333,426025.7297297297,146.6035236036036
io8_l1p4n1_l3p8n1_l5p4,655379.7948717949,485595.4054054054,169.78438946638948
io8_l1p4n1_l3p8n1_l5p4_d1d2,1093081.725,824134.375,268.9473500000001
io8_l1p8n1_l3n1n1_l5p8,479042.54054054053,457111.27777777775,21.93126276276278
io8_l1p8n1_l3n1n2_l5p8,476514.08108108107,455886.7,20.627381081081055
io8_l1p8n1_l3n1n2_l5p8_d1d2,833985.6756756756,799383.7777777778,34.60189789789787
io8_l1p8n1_l3n1n4_l5p8,489024.43037974683,456780.4210526316,32.24400932711526
io8_l1p8n1_l3n1n4_l5p8_d1d2,868510.04,815271.6388888889,53.23840111111116
io8_l1p8n1_l3n1n8_l5p8,495725.02702702704,455712.4358974359,40.012591129591165
io8_l1p8n1_l3n1p1_l5p8,496211.5342465753,453030.2894736842,43.181244772891105
io8_l1p8n1_l3n1p1_l5p8_d1d2,899783.1688311688,828608.7631578947,71.17440567327407
io8_l1p8n1_l3n1p2_l5p8,504748.5333333333,458128.05263157893,46.620480701754396
io8_l1p8n1_l3n1p2_l5p8_d1d2,879314.2207792208,807665.2105263158,71.64901025290496
io8_l1p8n1_l3n1p4_l5p8,496405.0684931507,453780.71794871794,42.62435054443276
io8_l1p8n1_l3n1p4_l5p8_d1d2,863784.6388888889,799784.552631579,64.00008625730989
io8_l1p8n1_l3n1p8_l5p8,501641.84,455238.5,46.40334000000003
io8_l1p8n1_l3n1p8_l5p8_d1d2,873948.55,795480.25,78.46830000000004
io8_l1p8n1_l3p1n1_l5p8,519079.6447368421,463603.45,55.47619473684207
io8_l1p8n1_l3p1n1_l5p8_d1d2,889163.2105263158,811841.7837837838,77.32142674253205
io8_l1p8n1_l3p2n1_l5p8,572157.0540540541,480313.08108108107,91.84397297297302
io8_l1p8n1_l3p2n1_l5p8_d1d2,954095.3,804627.95,149.4673500000001
io8_l1p8n1_l3p4n1_l5p8,654759.6315789474,493541.6216216216,161.21800995732582
io8_l1p8n1_l3p4n1_l5p8_d1d2,1076852.2027027027,840075.8,236.77640270270268
io8_l1p8n1_l3p8n1_l5p8,804383.8378378379,523905.9705882353,280.4778672496026
io8_l1p8n1_l3p8n1_l5p8_d1d2,1441675.3625,1019500.9,422.1744625
